student_id,minutes_watched,paid_in_q2
6,134.1667,1
389,0.1500,1
616,464.0667,1
618,1667.0500,1
666,2.8333,1
699,444.7000,1
702,3.2000,1
801,5732.5833,1
838,1044.8500,1
841,974.2500,1
862,166.7333,1
875,46.7667,1
908,3.6667,1
911,157.4000,1
917,11.3333,1
969,2338.4000,1
988,434.3500,1
999,8452.7667,1
1016,40.3000,1
1019,113.0000,1
1046,2812.7667,1
1064,66.8500,1
1085,165.9333,1
1102,542.6000,1
1151,412.4667,1
1159,123.1333,1
1183,93.6333,1
1188,26.0333,1
1200,1317.6000,1
1201,15.3333,1
1210,4.4000,1
1215,36.4000,1
1221,1363.8000,1
1235,71.9667,1
1246,1057.1333,1
1271,12.2000,1
1306,1471.3667,1
1308,0.7000,1
1317,42.5333,1
1355,54.2000,1
1357,0.7000,1
1362,54.0667,1
1373,45.9167,1
1382,0.6667,1
1395,197.1667,1
1397,27.8333,1
1404,118.9333,1
1419,317.5833,1
1424,0.0667,1
1426,53.3500,1
1434,23.6667,1
1436,1.1667,1
1437,47.1000,1
1456,0.4000,1
1468,177.2667,1
1521,1553.8333,1
1522,251.7667,1
1537,39.6333,1
1538,3.4000,1
1539,1.7667,1
1563,15.8000,1
1567,730.7333,1
1581,857.8500,1
1605,75.0000,1
1641,3.7333,1
1652,2065.7333,1
1661,10.3667,1
1669,104.7667,1
1678,185.8333,1
1688,11.3667,1
1742,529.7667,1
1753,111.5333,1
1754,1548.5500,1
1778,794.7333,1
1780,1.3000,1
1794,231.0333,1
1802,0.1000,1
1845,9.4500,1
1852,654.7000,1
1863,76.3333,1
1864,602.4333,1
1866,0.1667,1
1880,1438.0667,1
1909,715.0500,1
1914,41.0000,1
1923,1.6500,1
1950,34.0333,1
1977,3740.5833,1
2003,1871.3333,1
2014,229.3333,1
2018,485.1000,1
2019,1.0667,1
2022,94.0500,1
2055,80.4667,1
2060,22.5000,1
2070,256.7667,1
2073,1402.6000,1
2084,178.8000,1
2091,794.0667,1
2110,8.6333,1
2112,1752.3333,1
2114,156.3667,1
2185,128.8667,1
2188,11.8833,1
2195,58.6000,1
2217,23.1333,1
2218,101.2667,1
2222,2.4500,1
2236,27.3500,1
2248,764.5000,1
2255,488.3333,1
2258,15.7000,1
2266,20.5333,1
2274,11.1500,1
2284,4.4333,1
2292,87.3667,1
2295,80.0333,1
2324,25.7500,1
2359,0.3000,1
2377,108.3000,1
2385,10.5833,1
2398,737.0667,1
2409,114.7000,1
2417,39.4000,1
2431,1.7000,1
2495,250.7000,1
2506,42.5500,1
2534,1.4000,1
2546,1152.0000,1
2555,1331.8667,1
2591,538.1000,1
2620,32.1333,1
2629,4.6500,1
2636,336.0000,1
2663,30.5667,1
2688,141.2667,1
2702,7.6500,1
2723,150.1667,1
2725,251.5000,1
2731,1406.0000,1
2734,4256.7000,1
2737,2041.7000,1
2764,34.6667,1
2811,1727.1500,1
2824,37.4333,1
2851,1204.7000,1
2863,5.1667,1
2866,58.3500,1
2881,2.4000,1
2887,8.1667,1
2925,30.6000,1
2938,113.5833,1
2945,164.7500,1
2954,1468.0500,1
2973,62.3833,1
2978,398.7333,1
2984,1101.0500,1
2986,520.9667,1
3056,3.5667,1
3062,8.7667,1
3070,1628.8500,1
3074,1.1167,1
3080,154.9333,1
3115,42.0667,1
3146,2.1000,1
3188,70.3000,1
3195,708.6667,1
3219,327.9000,1
3239,3914.3667,1
3256,1441.8000,1
3292,57.9500,1
3297,10.1500,1
3338,418.5000,1
3406,33.4667,1
3420,236.7500,1
3423,1255.5667,1
3478,1.2000,1
3481,61.1667,1
3511,22.4500,1
3522,1.3667,1
3524,117.5667,1
3577,659.8000,1
3598,401.7000,1
3631,20.3500,1
3652,41.7333,1
3774,728.3000,1
3780,282.0667,1
3799,354.1333,1
3817,3420.1000,1
3852,10.0000,1
3856,497.1667,1
3916,184.7000,1
3943,327.6333,1
3982,0.1000,1
3984,60.6667,1
3985,0.1167,1
3987,1.8000,1
4011,109.9667,1
4019,172.5000,1
4035,78.8500,1
4055,442.5000,1
4059,817.6667,1
4078,1.8000,1
4080,1626.9667,1
4112,47.8500,1
4162,48.5000,1
4186,83.6333,1
4194,60.4667,1
4231,118.2333,1
4266,242.2000,1
4298,7.5333,1
4320,101.1500,1
4337,20.9333,1
4371,127.1333,1
4376,82.0667,1
4384,0.1667,1
4404,370.7000,1
4435,4.1000,1
4439,0.3667,1
4537,1221.1333,1
4558,490.2500,1
4566,4.1833,1
4595,2428.3500,1
4629,468.9667,1
4640,585.9667,1
4685,732.2333,1
4698,146.6667,1
4723,1790.2000,1
4739,10018.0667,1
4778,73.9000,1
4784,593.2000,1
4795,25.6333,1
4801,1.4000,1
4829,275.3667,1
4872,485.0333,1
4874,7237.6500,1
4884,66.5333,1
4907,4.6167,1
5010,1853.8000,1
5018,63.0000,1
5058,1.2667,1
5064,839.3333,1
5076,11.1667,1
5080,1103.0000,1
5109,7.4333,1
5111,69.7000,1
5143,86.8000,1
5212,585.8000,1
5221,23.6500,1
5321,3933.3000,1
5323,335.7667,1
5340,449.4000,1
5389,93.0000,1
5427,323.3333,1
5515,6.9833,1
5567,0.9000,1
5579,8.3333,1
5683,101.5000,1
5704,0.2000,1
5774,498.4333,1
5836,1930.6000,1
5884,198.5667,1
5974,1.3333,1
6011,27.7000,1
6053,1972.2667,1
6070,17.3500,1
6096,42.2000,1
6110,19.6167,1
6159,506.3000,1
6164,554.5000,1
6174,22.6667,1
6278,3619.3500,1
6408,4014.7500,1
6505,88.0667,1
6559,922.6333,1
6560,0.9333,1
6589,528.0500,1
6618,246.4333,1
6787,630.3000,1
6801,22.2500,1
6819,56.2667,1
6862,449.0333,1
6885,1019.6000,1
6890,124.6000,1
6899,27.7000,1
6950,1758.1000,1
6971,89.7000,1
7008,4.1500,1
7013,11.7667,1
7037,6.6000,1
7069,35.8000,1
7086,500.0000,1
7163,1075.0667,1
7178,40.5000,1
7179,9.5333,1
7224,157.2667,1
7244,38.4333,1
7282,6.7167,1
7294,63.6000,1
7358,27.9000,1
7382,99.2333,1
7412,122.4000,1
7439,4262.8333,1
7474,5.4333,1
7475,192.4333,1
7495,171.4500,1
7524,73.0333,1
7540,975.1500,1
7548,302.2833,1
7612,44.5000,1
7620,82.8333,1
7790,2.7667,1
7873,748.2667,1
7975,1013.9333,1
8018,865.0667,1
8030,52.0667,1
8059,2966.6000,1
8095,159.3000,1
8133,328.8333,1
8156,26.7500,1
8223,24.4333,1
8412,89.4667,1
8425,62.9333,1
8452,129.1000,1
8495,625.0333,1
8544,2468.5500,1
8594,2900.9000,1
8600,36.9333,1
8641,170.8000,1
8754,1496.2000,1
8835,514.3667,1
8840,1251.4000,1
8954,14.7667,1
9098,32.3167,1
9101,2.0333,1
9107,3472.1167,1
9108,6.5000,1
9178,268.6000,1
9188,35.8000,1
9305,698.9333,1
9372,603.8333,1
9409,1583.2000,1
9754,1369.6000,1
9808,735.5833,1
10131,380.7500,1
10218,0.9167,1
10299,209.9833,1
10390,1.0500,1
10422,1743.9667,1
10685,149.7333,1
10690,167.5333,1
10938,21.8000,1
11124,152.3000,1
11215,124.4500,1
11325,72.9167,1
11402,2.3333,1
11504,0.4500,1
11711,59.5500,1
11793,20.9667,1
11800,65.2333,1
11808,72.8333,1
11996,0.2000,1
12279,401.8333,1
12284,2115.0000,1
12330,143.1000,1
12530,9.1000,1
12532,963.8000,1
12704,37.7500,1
12816,63.4333,1
12820,116.7000,1
13114,55.5000,1
13132,170.5000,1
13180,214.8667,1
13538,280.4333,1
13620,287.7333,1
14217,2.3000,1
14463,34.6500,1
14633,8.6000,1
14649,102.1333,1
14700,2650.8333,1
14765,6.8333,1
14905,269.3333,1
15334,59.7000,1
15345,0.1500,1
15472,480.0333,1
15743,174.2667,1
16052,117.3000,1
16414,110.6667,1
16832,21.4333,1
17419,2107.9000,1
17613,447.6667,1
17859,80.5000,1
18314,6.3000,1
21449,337.2333,1
23287,0.4667,1
23727,735.3500,1
24006,690.8333,1
24423,708.1500,1
24924,321.7000,1
25494,99.5500,1
25521,17.4500,1
27104,563.0000,1
32560,15.6000,1
37860,2257.6500,1
44291,24.5833,1
44965,638.6667,1
62735,65.6000,1
70008,33.3500,1
115084,1.1333,1
136313,3.6000,1
142411,44.3333,1
142965,24.9667,1
143026,81.2000,1
143148,81.5333,1
143216,288.2000,1
143392,54.0333,1
143407,77.0333,1
143454,103.5833,1
143561,7069.4667,1
143599,74.5333,1
143701,3884.7000,1
143799,9.7333,1
143992,2.3000,1
144164,821.8000,1
144239,676.6667,1
144273,20.2333,1
144348,947.0000,1
144378,125.7333,1
144390,1.8333,1
144467,11.6333,1
144599,9.1333,1
144627,151.3000,1
144788,2164.1333,1
144869,356.9000,1
144900,225.2000,1
144912,322.5000,1
145013,850.5333,1
145091,509.2833,1
145310,145.7333,1
145484,1663.0000,1
145681,2010.4667,1
145793,464.9000,1
145813,170.8000,1
145905,98.9333,1
145944,73.4000,1
146021,0.8000,1
146030,302.5333,1
146224,44.4500,1
146397,1.7333,1
146427,101.4000,1
146551,201.6000,1
146625,27.3000,1
146801,0.8000,1
146855,732.9667,1
146888,26.2667,1
146891,80.8167,1
146908,37.6333,1
146948,14.3000,1
146957,166.0667,1
146977,55.7333,1
147005,1311.7500,1
147044,8.4000,1
147045,109.1833,1
147061,154.5000,1
147062,0.2167,1
147076,155.1333,1
147087,872.4333,1
147132,715.8333,1
147143,250.1667,1
147146,246.4333,1
147197,15.3167,1
147231,220.0000,1
147291,8.9000,1
147444,25.6333,1
147446,104.9000,1
147448,223.0333,1
147473,58.6667,1
147542,249.6667,1
147604,461.2167,1
147618,366.7333,1
1036,221.6167,1
1883,2.6667,1
3183,147.5500,1
4176,37.1667,1
4303,12.2833,1
4908,92.4333,1
6165,45.2000,1
7649,7.1167,1
7955,134.4833,1
8431,311.3833,1
11709,225.1500,1
11717,17.6667,1
12915,17.6167,1
13296,133.2333,1
13707,91.3333,1
14967,0.4167,1
15772,1110.1833,1
16915,0.1167,1
16979,535.6833,1
17317,1.0000,1
20710,2222.0500,1
22083,149.8333,1
22980,62.2167,1
25507,60.1167,1
32973,2.3667,1
33495,131.8667,1
34533,31.7667,1
38457,1.9833,1
40307,36.9167,1
40867,119.7000,1
41336,1984.3000,1
43191,187.3500,1
43604,4.9667,1
43915,172.1667,1
51495,45.6833,1
55811,84.3167,1
64522,53.6500,1
74005,183.3000,1
78822,2.6667,1
82986,141.9333,1
88122,43.2167,1
97530,110.5167,1
117782,0.4000,1
138534,52.6167,1
143214,64.7667,1
143637,108.8500,1
144561,36.6500,1
145177,1836.3333,1
145569,6.9667,1
145783,11.9333,1
146990,23.6333,1
147142,35.9667,1
147992,2.9500,1
148060,42.6667,1
148133,0.9500,1
148346,420.9000,1
148577,22.6667,1
148628,241.2833,1
148643,1369.4333,1
148901,265.0500,1
149042,438.5000,1
149131,24.2667,1
149218,36.7333,1
149652,644.6667,1
150745,880.3333,1
150906,481.4000,1
151404,50.8167,1
151418,71.5333,1
152188,43.8500,1
152241,141.4833,1
152267,0.0667,1
152896,1158.0333,1
153745,86.7000,1
153895,0.0500,1
153897,20.0000,1
153938,286.6000,1
153953,906.0000,1
154092,600.8333,1
154509,13.2500,1
154674,1157.6667,1
155640,798.4500,1
155900,33.9333,1
155924,124.0000,1
156057,498.4000,1
156182,1409.0333,1
156240,1465.1833,1
156241,23.9667,1
156293,339.6000,1
156344,170.4333,1
156399,17.2333,1
156409,1335.9667,1
156484,116.8667,1
156501,43.0667,1
156549,0.7333,1
156680,19.1333,1
156694,5.8000,1
156696,12.7833,1
156787,118.2667,1
156845,504.9667,1
156894,22.9000,1
157171,43.8333,1
157277,1392.6333,1
157976,1703.8667,1
158049,416.7167,1
158129,622.7833,1
158179,1327.7000,1
158529,329.3000,1
159060,529.5500,1
159336,501.2333,1
160524,833.8000,1
160677,73.8000,1
161173,319.9000,1
161210,805.4500,1
161227,83.9000,1
161485,183.3333,1
161496,688.0500,1
161524,159.5000,1
161537,182.1000,1
161693,716.8333,1
161703,230.5333,1
162406,83.9833,1
162497,1267.3833,1
163473,2089.8000,1
163918,55.2667,1
165014,83.5000,1
165557,34.5833,1
166070,1687.0000,1
166145,1066.5000,1
167091,12.1167,1
167964,12866.6667,1
168253,1.7167,1
169966,469.4500,1
170014,34.1667,1
170034,150.6667,1
170706,1.7500,1
170905,176.3167,1
171001,5.7833,1
171176,3.4000,1
171296,8.0667,1
171313,1449.7000,1
171350,5.3500,1
171425,15.2500,1
171479,224.3667,1
171523,680.0833,1
171609,184.6667,1
171693,533.9833,1
171738,772.2667,1
171832,9.6667,1
171898,179.0000,1
171900,3448.2167,1
171942,1545.5500,1
172218,154.3833,1
172397,118.3500,1
172427,21.8500,1
172441,2159.3000,1
172596,3.9333,1
172701,105.0167,1
172814,562.7833,1
172823,64.7167,1
173018,55.6333,1
173313,869.0000,1
174213,44.8667,1
175038,978.7833,1
175440,2366.7500,1
175768,19.2500,1
175955,56.5500,1
175975,101.7333,1
176858,8.8167,1
177134,21.8000,1
178303,46.9500,1
179127,299.1667,1
179264,367.1667,1
180277,41.9000,1
181083,225.7167,1
181545,64.1833,1
181800,362.1167,1
182398,114.3167,1
182765,115.0333,1
182962,2023.1333,1
183092,101.3167,1
183189,133.1000,1
183978,2010.4333,1
184136,93.0000,1
184717,260.2833,1
185462,150.7000,1
185851,2785.4167,1
187084,75.0000,1
187632,68.8333,1
190394,89.3000,1
192420,451.1333,1
193484,78.4167,1
196154,67.0167,1
196268,324.1167,1
200261,17.5833,1
201159,476.6833,1
201214,17.4167,1
203950,15.5333,1
204116,1428.5000,1
205950,1805.4667,1
207559,66.2500,1
211139,483.3500,1
212436,0.0667,1
213109,563.9000,1
213379,160.7667,1
213528,348.6667,1
215310,28.5500,1
215608,572.1000,1
215796,46.8333,1
217758,136.2667,1
218026,4.5000,1
218048,2934.3833,1
219514,14.2667,1
219561,602.8833,1
222991,1932.7167,1
223510,33.0000,1
223701,4.0667,1
224276,43.2500,1
224426,69.3000,1
224777,38.8500,1
225103,44.2833,1
226169,802.7500,1
227387,588.0833,1
227711,1029.8833,1
228416,16.2833,1
228445,9.2667,1
228557,134.5667,1
230140,608.9000,1
230151,883.2000,1
230273,144.9167,1
230336,21.1667,1
231588,445.4000,1
232131,595.0833,1
233090,19.5500,1
234155,676.6000,1
234596,773.7667,1
234600,85.2000,1
234748,280.9333,1
235192,1051.2500,1
235274,345.5000,1
235486,29.2667,1
235677,43.2500,1
235692,212.6167,1
236349,0.8000,1
237385,19.5000,1
238234,25.9500,1
238267,470.7667,1
238593,4.2333,1
239003,574.7333,1
239932,84.0000,1
240248,443.9667,1
240763,13.3833,1
240987,253.0333,1
243618,288.2000,1
244586,101.9667,1
245078,55.6500,1
246415,0.2167,1
246846,11.3167,1
247102,48.1167,1
247618,581.0000,1
247869,0.3333,1
247871,163.3000,1
249318,143.8167,1
250351,153.8500,1
250388,121.0667,1
250466,0.2167,1
250609,7.3833,1
250694,489.7333,1
250989,1.3833,1
252073,23.0667,1
252262,4.9167,1
253157,0.5667,1
253225,3.2833,1
253338,65.3667,1
253574,1176.1333,1
253682,493.3167,1
254117,136.6167,1
254152,237.2167,1
254261,0.4500,1
254310,1317.8500,1
254389,38.1833,1
254397,21.5833,1
254428,55.5500,1
254432,4.5500,1
254450,30.0167,1
254527,42.8500,1
254550,5.7167,1
254601,386.5500,1
254737,54.6667,1
254791,164.6667,1
254795,0.7000,1
254798,44.0333,1
254855,80.5000,1
254858,257.5000,1
254882,11.4667,1
254914,1020.1000,1
254935,12.7000,1
254953,749.8000,1
254958,512.7167,1
254972,173.5667,1
254985,1.9833,1
255012,158.0167,1
255058,731.7333,1
255059,395.8500,1
255153,291.0833,1
255169,367.2500,1
255189,0.2500,1
255220,1096.6333,1
255232,180.7667,1
255269,279.5500,1
255275,723.5500,1
255296,589.5500,1
255315,1.2667,1
255332,6.7667,1
255342,19.6833,1
255396,593.3333,1
255529,1.9167,1
255534,355.0000,1
256422,54.4167,1
256443,173.0667,1
256703,1914.4167,1
256834,130.0000,1
256838,7.7000,1
257244,61.7500,1
257415,181.4000,1
257898,151.3000,1
258141,351.8167,1
258256,73.6333,1
258374,7.5833,1
258386,415.4333,1
258463,198.0833,1
258636,687.7667,1
258782,1162.1500,1
258803,8.4500,1
259070,0.2667,1
259174,281.5000,1
259283,1693.9500,1
259494,113.5833,1
259654,0.2667,1
259702,200.6000,1
259777,97.2000,1
259781,8.7667,1
259860,9570.7000,1
259996,3097.4000,1
260111,125.9333,1
260173,2756.1333,1
260176,29.8000,1
260345,1387.1500,1
260356,362.8500,1
260572,426.8000,1
260593,162.6667,1
260707,36.0833,1
260861,194.0333,1
260952,285.3500,1
260971,24.3167,1
261019,719.5000,1
261073,1277.2500,1
261121,198.2500,1
261189,405.0833,1
261241,29.2167,1
261325,448.3833,1
261374,142.9000,1
261390,107.4667,1
261412,1648.3000,1
261417,322.7833,1
261491,245.1000,1
261515,14.2667,1
261519,147.8167,1
261550,636.4833,1
261554,128.7333,1
261565,59.7000,1
261577,0.6000,1
261626,191.5833,1
261658,199.3500,1
261668,357.4000,1
261693,450.0833,1
261737,417.5000,1
261758,52.4000,1
261766,234.7000,1
261782,19.9833,1
261783,45.8667,1
261788,1.1333,1
261820,348.6333,1
262112,1574.3667,1
262237,116.0333,1
262273,47.4500,1
262297,16.9667,1
262386,332.0667,1
262406,570.5667,1
262459,1077.4167,1
262578,62.6333,1
262580,64.6333,1
262754,14.3000,1
262761,172.6333,1
262792,397.1000,1
262817,265.9167,1
262955,18.8167,1
263087,716.0000,1
263296,258.5833,1
263300,0.9000,1
263307,120.9000,1
263501,28.7500,1
263529,388.0833,1
263661,86.9667,1
263798,27.6000,1
263934,71.8000,1
264081,1148.6333,1
264259,150.2500,1
264637,187.9333,1
264699,79.1167,1
264826,239.2500,1
264998,2.5333,1
265025,71.0000,1
265110,2920.2500,1
265262,33.2833,1
265310,608.3667,1
265317,932.8000,1
265337,11.2833,1
265449,86.5167,1
265519,1881.5333,1
265588,1465.7500,1
265653,181.8167,1
265789,251.8167,1
265918,13.5000,1
265967,1371.4500,1
266001,6999.8000,1
266095,514.3667,1
266332,705.8000,1
266477,69.8500,1
266544,39.7833,1
266548,3178.8000,1
266584,177.3500,1
266615,7.7667,1
266616,379.1333,1
266731,501.3833,1
266754,328.7333,1
266788,5152.0000,1
266810,73.5833,1
266894,270.0000,1
267203,515.7667,1
267488,141.0500,1
267496,165.7500,1
267721,2461.6000,1
267843,227.5333,1
267919,300.7833,1
267949,110.6500,1
267959,809.7833,1
268046,10.0333,1
268104,112.7500,1
268113,640.4667,1
268147,80.9500,1
268293,518.4167,1
268352,435.8000,1
268390,2009.3833,1
268510,167.5333,1
268553,78.1333,1
268556,908.6500,1
268600,156.4500,1
268618,196.4667,1
268701,2.8833,1
268714,561.0833,1
268718,260.4500,1
268779,117.9167,1
268796,3689.0667,1
268805,1880.2500,1
268830,52.1833,1
268866,441.7833,1
268985,2982.1333,1
269013,333.7833,1
269070,573.3667,1
269289,165.1667,1
269470,267.8333,1
269485,921.8167,1
269518,1662.8167,1
269519,521.8500,1
269594,181.4167,1
269633,232.7000,1
269646,3660.2000,1
269653,1512.3000,1
269771,2583.6000,1
269843,1026.9333,1
269864,212.3333,1
269924,1048.4000,1
269937,246.1667,1
270022,548.5667,1
270098,363.7500,1
270135,249.3333,1
270179,1072.2667,1
270183,78.5500,1
270304,58.9333,1
270460,1872.0333,1
270486,953.0333,1
270599,5239.2333,1
270700,1223.1000,1
270710,1824.3667,1
270738,1342.0667,1
270811,557.7000,1
270930,397.1667,1
270947,20.4667,1
270957,1320.9500,1
271094,181.3000,1
271114,166.6167,1
271154,2510.0167,1
271197,130.9667,1
271352,198.9833,1
271426,43.7000,1
271465,831.2833,1
271670,267.6000,1
271720,50.8500,1
271760,52.0000,1
271761,1452.9667,1
271768,1.8333,1
271787,98.6000,1
271792,317.1833,1
271872,391.6667,1
272001,1298.6167,1
272029,606.6500,1
272058,687.5833,1
272157,758.2667,1
272283,451.2333,1
272359,48.8000,1
272437,789.9500,1
272755,178.3167,1
272906,47.8667,1
272977,167.9500,1
272991,2160.5667,1
273235,116.5833,1
273249,395.9333,1
273423,10669.5667,1
273671,1202.6000,1
273841,1047.5167,1
274000,139.5833,1
274039,1160.6000,1
274209,1029.2167,1
274273,601.3333,1
274278,213.1000,1
274382,626.3500,1
274475,261.7833,1
274544,85.4333,1
274552,191.5000,1
274564,1862.7833,1
274572,725.8333,1
274576,1203.1333,1
274585,30.0500,1
274879,21.7167,1
274908,458.4500,1
274948,361.4667,1
274958,108.2000,1
274985,71.7167,1
275008,173.4333,1
275021,210.4667,1
275103,169.4833,1
275112,150.2667,1
275126,2.1000,1
275141,94.9333,1
275165,657.2667,1
275253,25.1167,1
275286,269.1833,1
275290,223.7167,1
275292,21.2167,1
275293,104.5667,1
275440,77.2667,1
275442,1505.0333,1
275449,772.0667,1
275457,74.9500,1
275470,1443.3667,1
275498,49.5167,1
275510,37.1500,1
275516,43.4833,1
275518,21.8667,1
275529,26.0500,1
275571,16.1167,1
275574,419.9167,1
275575,60.9333,1
275589,108.2667,1
275591,52.8000,1
276112,135.2000,1
276232,301.6000,1
276261,222.8333,1
276395,146.7833,1
276420,166.5167,1
276455,1248.8500,1
276510,267.1333,1
276542,258.9167,1
276553,73.9500,1
276666,44.1833,1
276671,193.3833,1
276708,567.4333,1
276788,389.8333,1
277066,833.4167,1
277084,939.4833,1
277099,187.3667,1
277398,536.7833,1
277562,308.6500,1
277668,51.8667,1
277704,4.4333,1
277814,8.4500,1
277825,338.3167,1
277845,74.7167,1
278444,67.6667,1
278509,662.5500,1
278642,211.5167,1
278753,636.9667,1
278764,689.2000,1
278915,45.7667,1
278940,590.2833,1
279132,240.3333,1
279138,406.2667,1
279409,183.0667,1
279468,160.0833,1
279738,158.0667,1
31,174.2000,1
182,4037.7333,1
3643,559.3000,1
3751,2580.1500,1
4577,0.1167,1
5583,947.9167,1
5827,953.2333,1
6930,42.9167,1
7421,41.8833,1
11250,44.0333,1
11353,1095.9000,1
16601,1120.4167,1
17378,212.9167,1
19124,4099.2500,1
24664,32.3500,1
24701,200.5500,1
25047,295.4333,1
26661,1267.0667,1
30872,5009.8333,1
37901,15.4000,1
38359,1471.6500,1
39563,599.2167,1
42751,55.4833,1
59138,416.6333,1
71716,100.5667,1
74498,163.8500,1
78808,125.1500,1
89036,60.3000,1
101982,4.2000,1
103808,56.1500,1
106235,57.6833,1
107588,168.6333,1
137389,12060.7500,1
137920,83.4500,1
140223,17.2667,1
141316,22.4500,1
142814,162.3167,1
143709,1462.2167,1
144179,9363.6667,1
144498,127.0833,1
145713,481.3833,1
145873,320.6667,1
146149,566.5667,1
147048,26.3000,1
147638,210.9167,1
147687,1054.1333,1
147956,2288.9833,1
148222,1367.4000,1
148849,30.8167,1
148927,110.0833,1
149023,29.8333,1
149038,12.7333,1
149366,7.3333,1
149576,4494.4167,1
149584,5.2333,1
149601,111.4667,1
149787,163.8167,1
150663,221.2833,1
150949,2063.1000,1
151021,64.4667,1
151694,2589.2000,1
152611,244.2667,1
152692,324.2000,1
153103,944.5000,1
154378,70.5500,1
154458,1.9000,1
155427,268.6667,1
155741,83.2667,1
156099,5.6833,1
156206,3476.5667,1
156276,764.7000,1
156342,77.5000,1
156343,103.7333,1
156391,36.6000,1
156439,55.3000,1
156587,434.1667,1
156610,404.7833,1
156615,27.7500,1
156649,2274.2500,1
156702,10.3333,1
156703,23.9667,1
156776,1558.3500,1
156831,543.1333,1
156841,0.2667,1
156941,21.2833,1
157218,14.2000,1
157698,275.8833,1
157853,4.5667,1
157934,24.0667,1
158038,50.7667,1
158250,40.7667,1
158336,378.7667,1
158646,10.6833,1
158724,8589.4000,1
158990,560.2000,1
159071,88.9333,1
159186,1421.5500,1
159370,6464.8167,1
159457,917.8167,1
159548,2279.4667,1
159873,1347.2333,1
159875,32.6833,1
159987,240.9667,1
160051,15.4333,1
160419,3.4833,1
160493,3.1833,1
160536,22.2000,1
160562,46.6667,1
160705,70.8667,1
161070,96.2000,1
161200,11.1167,1
161241,26.9167,1
161380,2880.0833,1
161397,16.8333,1
161426,239.8000,1
161483,40.5000,1
161539,0.1667,1
161572,274.3167,1
161580,708.6000,1
161626,233.3000,1
161640,599.4333,1
161844,3518.0000,1
162284,252.2167,1
162669,14.4000,1
163144,20.9500,1
163883,10.7667,1
164280,8.7000,1
164310,810.0833,1
164904,15.6167,1
165026,1738.1333,1
165187,45.2167,1
165950,8.6500,1
165954,91.0167,1
166652,38.8333,1
167073,10.4500,1
167554,3.5500,1
170381,1626.1667,1
170493,8631.7333,1
170586,1373.8833,1
170962,125.8167,1
171032,536.2000,1
171057,302.7000,1
171151,32.8333,1
171187,14.0167,1
171210,50.5333,1
171232,114.0500,1
171243,26.3000,1
171263,0.4500,1
171275,4.7333,1
171342,375.2500,1
171411,23.9833,1
171448,350.0667,1
171922,0.8333,1
172160,32.6833,1
172174,818.6500,1
172187,72.2000,1
172219,29.2500,1
172349,65.1500,1
172443,51.5333,1
172535,604.2667,1
172619,1171.3500,1
172792,429.6500,1
172793,1752.3333,1
172948,2.8333,1
172962,77.9000,1
172986,77.3000,1
173236,28.1333,1
174650,15.2167,1
175723,0.6667,1
176012,222.8333,1
176192,53.4667,1
176870,85.1333,1
178111,31.7333,1
178655,272.8667,1
178994,20.1833,1
179118,118.1333,1
179203,2255.9167,1
179776,66.2500,1
180668,127.5333,1
181501,6.1667,1
181620,1199.1333,1
181805,278.3167,1
182377,52.9667,1
182636,175.4000,1
182919,15.4167,1
184481,198.2667,1
184631,116.6500,1
185359,0.3167,1
187392,186.6167,1
188507,225.7667,1
190610,312.8333,1
190625,1031.0167,1
190803,978.5167,1
192293,465.0000,1
193509,31.0333,1
193998,12.5333,1
194528,69.0500,1
195307,648.6333,1
195506,38.3333,1
196357,340.5167,1
196538,4705.0500,1
196681,543.0833,1
196809,765.3667,1
197346,13.7333,1
198179,570.3000,1
198300,35.8833,1
198342,170.3000,1
198947,1.0000,1
198958,129.2833,1
199192,572.9167,1
199750,21.3000,1
200231,906.8667,1
200337,118.1667,1
203177,34.5000,1
208381,24.5833,1
208412,2.2000,1
208957,180.3500,1
209256,605.7333,1
210318,268.0167,1
210670,284.7667,1
211222,25.3833,1
212444,16.4167,1
213802,182.4667,1
214254,93.7167,1
214994,86.9500,1
215869,2.5000,1
216478,291.9833,1
217852,308.2167,1
218045,22.3833,1
218699,373.5333,1
219004,63.6833,1
221481,111.3167,1
221756,73.7667,1
222007,59.3833,1
222899,1.1500,1
225335,28.4000,1
225377,50.2667,1
225736,49.7333,1
225771,25.9500,1
225789,442.5667,1
226611,62.8667,1
226945,40.9167,1
227645,33.5333,1
227678,772.9000,1
227874,395.8667,1
228262,3564.8000,1
230179,4.5833,1
232898,469.5667,1
232908,122.8333,1
233060,28.7667,1
233857,24.6167,1
233908,35.2000,1
234971,2.4000,1
235034,84.3000,1
235442,120.0000,1
235996,370.5333,1
236455,146.1667,1
236968,267.3167,1
237081,480.5000,1
237186,27.3667,1
238014,37.9500,1
238800,733.3333,1
238848,1924.9333,1
239554,53.2833,1
239645,145.8000,1
240216,2.3833,1
240610,67.4167,1
241008,123.5833,1
242229,111.6333,1
242454,841.8667,1
242790,52.4667,1
243847,528.1667,1
243941,1103.0000,1
244048,753.4333,1
244504,91.5833,1
244937,37.2167,1
246177,193.3167,1
248305,3348.5000,1
248879,12.2500,1
248992,103.3167,1
249195,134.5833,1
249481,52.2500,1
249503,1428.2000,1
250078,7.3333,1
250115,352.8833,1
250629,76.1667,1
250924,198.1667,1
251329,414.7500,1
251554,39.8667,1
251728,8.0500,1
252339,2260.8167,1
252812,211.3333,1
252896,26.9667,1
253149,10.2667,1
253303,19.6333,1
253788,49.7500,1
253823,1089.6000,1
253843,381.4667,1
253941,71.6167,1
253975,521.8500,1
254057,160.1000,1
254092,176.8000,1
254227,16.9500,1
254247,70.0667,1
254289,55.1000,1
254301,31.9667,1
254331,74.5500,1
254467,494.9667,1
254478,119.5833,1
254505,48.7333,1
254558,757.5333,1
254613,0.0667,1
254635,38.2333,1
254653,371.7000,1
254658,0.2500,1
254731,96.8667,1
254759,336.6000,1
254775,81.5167,1
254776,282.6833,1
254777,1.5167,1
254796,65.9167,1
254810,1.2500,1
254842,84.7167,1
254852,1.5000,1
254878,7.5833,1
254919,33.5500,1
255031,2.9333,1
255033,148.0500,1
255207,157.7000,1
255271,222.0833,1
255341,50.0167,1
255391,232.5167,1
255668,733.6333,1
256405,90.0000,1
256432,549.5500,1
256753,37.0000,1
256788,62.9500,1
256969,454.6833,1
257155,282.3000,1
257384,4410.2333,1
257609,662.5000,1
257651,13.5333,1
257938,4.1667,1
258373,3198.6500,1
258520,9.0667,1
258955,93.9000,1
258956,1303.8667,1
258971,0.3000,1
259054,60.3833,1
259300,260.0000,1
259483,75.4333,1
259491,105.6833,1
259504,4103.6000,1
259524,431.1500,1
259657,892.4833,1
260168,935.2667,1
260181,131.3000,1
260192,327.2500,1
260200,432.1667,1
260321,283.6167,1
260549,26.6833,1
260608,638.9000,1
260646,174.9000,1
260702,2.6500,1
260813,0.7167,1
260829,294.7167,1
260891,9.7333,1
260915,46.9833,1
260929,296.8167,1
260964,215.0667,1
260998,1906.5000,1
261004,130.0000,1
261072,105.9167,1
261085,0.6500,1
261086,178.2833,1
261110,0.2500,1
261171,728.0833,1
261173,2.4667,1
261200,19.5000,1
261288,113.9500,1
261293,227.7833,1
261446,378.9000,1
261483,19.8500,1
261510,170.3500,1
261552,123.0167,1
261582,1.0000,1
261593,270.4167,1
261608,176.2333,1
261644,203.6500,1
261670,44.1000,1
261679,29.6000,1
261692,79.1833,1
261724,406.9500,1
261777,2779.6333,1
261785,1445.7000,1
261801,2338.6167,1
261802,361.0667,1
261805,75.5333,1
261810,200.6167,1
261828,236.8667,1
262260,492.6000,1
262270,962.0667,1
262599,296.0667,1
262634,158.8833,1
262643,819.3333,1
263104,7.1667,1
263231,102.7000,1
263293,995.5000,1
263368,387.0333,1
263456,262.4500,1
263472,132.2167,1
263494,798.0500,1
263579,346.1833,1
263706,148.8833,1
263759,377.9333,1
263845,110.9000,1
264049,368.1667,1
264295,4752.3000,1
264361,2.0833,1
264623,220.9833,1
264684,625.6833,1
264761,255.9333,1
265005,525.8333,1
265044,494.4167,1
265093,200.9833,1
265101,424.8333,1
265121,2.4500,1
265130,594.2500,1
265165,57.6500,1
265241,57.1000,1
265686,132.8167,1
265927,41.3167,1
266099,26.9667,1
266123,0.6333,1
266410,13.2833,1
266455,40.5333,1
266529,1179.8000,1
266603,3.3833,1
266693,473.2667,1
266725,2229.4000,1
267010,1174.6667,1
267174,20.9167,1
267358,208.1000,1
267670,0.2000,1
267765,428.7333,1
267812,3348.6667,1
267854,271.7500,1
267936,2542.9833,1
268011,2544.7667,1
268152,729.9667,1
268257,206.3333,1
268263,595.9500,1
268321,81.6667,1
268337,128.4000,1
268344,87.5000,1
268357,1405.9833,1
268480,19.0500,1
268527,15.4000,1
268545,6.7167,1
268558,282.4667,1
268584,391.7333,1
268643,246.9667,1
268792,147.5667,1
268811,519.4333,1
268817,109.9000,1
268825,1609.3500,1
268883,28.7000,1
268903,230.1167,1
268922,670.7333,1
268923,456.3667,1
268926,2070.1500,1
268929,107.5167,1
268940,847.8667,1
269010,1078.3000,1
269012,49.4667,1
269016,115.6167,1
269047,349.6500,1
269054,778.3333,1
269068,212.0500,1
269130,357.1500,1
269188,81.9333,1
269457,11.0167,1
269534,18.9667,1
269541,1504.1167,1
269549,777.8667,1
269671,465.3500,1
269728,0.4500,1
269744,2722.3000,1
269862,60.1667,1
269894,59.3500,1
269896,4.2500,1
269934,879.1167,1
269975,371.1333,1
269981,420.7500,1
269984,2133.0500,1
270003,162.2000,1
270018,287.8333,1
270036,915.7000,1
270103,334.9500,1
270240,694.6833,1
270244,34.6000,1
270265,123.0667,1
270363,766.2500,1
270367,341.5000,1
270455,65.0333,1
270616,33.6000,1
270648,309.4000,1
270824,645.8000,1
270833,506.4833,1
270911,138.3000,1
270968,161.2500,1
271035,1532.8833,1
271082,24.8833,1
271098,23.2667,1
271185,1506.7833,1
271310,22.4167,1
271508,183.2500,1
271543,951.1500,1
271800,2011.0667,1
271806,152.0667,1
271856,694.2667,1
271896,342.9167,1
271925,143.4500,1
271950,5422.5000,1
271951,15.4000,1
271991,1079.0500,1
272035,2081.6000,1
272175,546.9000,1
272255,1427.9000,1
272261,970.2333,1
272472,5560.2000,1
272510,357.8667,1
272543,172.0000,1
272569,187.8333,1
272586,83.6333,1
272596,2084.2667,1
272696,405.6000,1
272717,4833.1000,1
272887,162.4667,1
272909,4111.9333,1
272918,347.3500,1
272923,42.2833,1
273068,421.0333,1
273486,515.9667,1
273523,14.9000,1
273544,266.0500,1
273630,105.0333,1
273862,144.8333,1
273953,56.8000,1
273994,9.8833,1
274087,190.0000,1
274163,737.0167,1
274189,282.3333,1
274371,265.0833,1
274438,15.0000,1
274498,544.2500,1
274501,297.3333,1
274536,331.3333,1
274589,175.7667,1
274611,152.2333,1
274639,31.9000,1
274652,159.7000,1
274723,144.1667,1
274746,38.2000,1
274825,1147.7833,1
274836,178.3667,1
274951,63.3333,1
275038,715.0333,1
275049,19.9333,1
275069,81.8667,1
275100,138.4333,1
275132,574.7833,1
275158,199.8667,1
275163,74.5500,1
275275,324.9333,1
275276,23.1333,1
275277,528.0000,1
275282,941.8667,1
275343,17.2167,1
275408,83.7833,1
275438,41.3333,1
275479,280.2333,1
275503,3.5667,1
275548,97.4833,1
275552,302.3833,1
275566,4.7167,1
275582,8.4167,1
275637,460.4833,1
275644,60.4167,1
275660,18.6667,1
275664,44.8167,1
275677,153.1333,1
275682,7.1500,1
275684,140.8667,1
275741,50.2167,1
275788,385.5833,1
275799,324.6000,1
276104,6.5667,1
276130,296.4000,1
276135,1138.9333,1
276238,564.4833,1
276265,280.6500,1
276414,7.1000,1
276480,163.3667,1
276784,550.5333,1
276829,26.2500,1
276932,85.6500,1
277105,34.4000,1
277109,265.8167,1
277135,60.9833,1
277238,31.2500,1
277285,992.1333,1
277403,214.2500,1
277461,147.7500,1
277499,452.4167,1
277521,161.3167,1
277524,28.8500,1
277544,102.5833,1
277556,28.7667,1
277557,1308.0167,1
277609,445.1833,1
277670,33.4667,1
277728,37.5500,1
277766,109.1167,1
277803,159.1333,1
277880,6.1833,1
277977,10.1333,1
278055,222.3167,1
278115,135.6667,1
278129,202.9500,1
278177,200.8833,1
278344,398.0167,1
278586,310.7500,1
278695,95.5833,1
278906,141.0500,1
278927,383.8500,1
279352,173.0500,1
279470,186.6000,1
279680,136.2167,1
1285,64.0500,1
1530,4.7333,1
1540,675.6000,1
1543,18.5667,1
1619,1490.7333,1
3366,0.5667,1
3541,28.0500,1
4016,473.2333,1
4336,723.4500,1
4392,113.7333,1
6313,4.2667,1
10051,263.0333,1
11680,24.1500,1
12807,45.6000,1
14382,51.2000,1
15805,161.8000,1
16054,16.6167,1
16796,92.7000,1
17342,441.9667,1
21464,77.3333,1
23403,2.0667,1
23781,41.3667,1
24965,0.3167,1
29758,4157.0000,1
29960,120.0333,1
34121,450.6667,1
34172,91.5500,1
43142,129.4667,1
59323,784.0667,1
59568,176.5667,1
63369,116.1333,1
75080,6.6167,1
77591,48.1833,1
96731,1.5167,1
103625,26.5000,1
115019,638.1500,1
118426,0.2833,1
144023,786.5667,1
144151,614.5000,1
144397,3615.4000,1
144426,10.4667,1
145488,0.0500,1
146401,75.4833,1
147130,132.5333,1
147643,6.2833,1
147802,38.0000,1
147884,27.6000,1
147993,544.6667,1
148109,7.4833,1
148467,713.0833,1
148755,840.4000,1
148886,556.1500,1
148939,1322.6333,1
149241,590.9333,1
149547,35.5833,1
149849,267.1667,1
149883,223.5167,1
149892,5.5000,1
149960,95.7667,1
150265,556.2167,1
150823,34.8500,1
151366,19.6667,1
151849,1621.6500,1
151892,96.3667,1
152109,782.7667,1
152138,147.2333,1
152140,61.5000,1
152174,23.0667,1
152285,25.6667,1
152472,4.3000,1
153036,55.6167,1
153235,423.1500,1
153726,68.4333,1
153765,1021.6333,1
153930,2.3333,1
154358,224.7333,1
155628,869.9000,1
156042,0.9000,1
156183,812.9333,1
156184,13.6167,1
156291,2.0000,1
156356,64.8000,1
156407,1176.3833,1
156428,117.9167,1
156467,3092.0333,1
156498,466.7167,1
156510,83.9500,1
156521,293.7500,1
156534,423.9167,1
156541,242.3333,1
156542,45.5333,1
156561,7412.1667,1
156647,2066.0333,1
156728,93.4167,1
156760,0.4000,1
156767,150.0667,1
156780,93.5333,1
156887,99.7833,1
157594,248.8667,1
157882,54.8333,1
158108,1180.9000,1
159022,111.6833,1
159057,34.3333,1
159101,142.8500,1
159105,17.0833,1
159172,5.4333,1
159353,146.1667,1
160452,1.0000,1
160816,1323.0000,1
160960,10044.1500,1
161002,28.9833,1
161060,321.7000,1
161108,19.5167,1
161132,23.1667,1
161209,23.9167,1
161395,19.4333,1
161475,372.2667,1
161527,24.7667,1
161632,3.3833,1
161870,175.9167,1
161899,584.4833,1
161935,0.0667,1
162077,435.4333,1
162502,126.0000,1
163108,70.4667,1
163241,199.5667,1
163452,19.7333,1
163676,4243.9333,1
163786,3.0000,1
163884,79.8000,1
163914,65.2667,1
164227,11.1000,1
164348,118.4167,1
164356,0.8000,1
164430,61.6000,1
164796,20.6667,1
165364,2.8333,1
165433,195.9000,1
165480,341.8500,1
166626,17.3167,1
166907,166.7667,1
167412,56.3500,1
167602,0.9333,1
168223,75.8500,1
168777,62.5833,1
170845,11.6333,1
170879,1262.8667,1
170915,60.5667,1
171006,121.2333,1
171011,174.6333,1
171292,4.1667,1
171339,535.2833,1
171405,93.9667,1
171560,54.4167,1
171645,15.8167,1
172289,388.4000,1
173105,342.1000,1
173939,56.4000,1
174738,62.4500,1
175077,72.3833,1
176090,2779.9833,1
176391,405.5333,1
176577,78.1000,1
177791,70.8333,1
177810,25.9333,1
177842,91.0167,1
179007,207.2000,1
179103,17.1333,1
180122,111.5000,1
180282,72.5833,1
181002,12.6500,1
181404,97.6000,1
181809,70.4500,1
182248,306.5833,1
182356,349.6167,1
182897,201.7333,1
183819,229.7667,1
183925,404.6667,1
184826,512.9833,1
185766,61.3667,1
187639,18.8333,1
189977,145.4167,1
190596,82.3000,1
192269,196.9333,1
195067,153.9667,1
195309,21.4167,1
195508,2823.7667,1
196040,30.5167,1
196947,0.3333,1
197505,719.4333,1
198240,2.7500,1
201975,28.9500,1
204419,814.1167,1
204773,391.8000,1
205303,16.8667,1
207270,90.3000,1
210367,133.1500,1
210409,123.5167,1
211603,545.9667,1
212463,3434.4167,1
212936,123.7833,1
212968,258.6000,1
214202,510.8000,1
214434,0.8333,1
215160,388.9833,1
215377,79.9667,1
216394,6258.0000,1
216409,155.6167,1
216694,303.0833,1
217601,349.7833,1
217976,80.6333,1
218237,809.4333,1
218862,6.5833,1
219488,1399.1667,1
220799,41.4167,1
221116,154.8667,1
223034,152.2167,1
223933,952.2333,1
225394,341.8000,1
225955,363.3667,1
225990,6.8000,1
226653,33.2833,1
228222,9.2000,1
228826,220.5500,1
228952,74.1333,1
229073,8.9000,1
229525,1087.2500,1
231080,293.8667,1
233160,426.6000,1
233619,1523.6000,1
234364,50.4833,1
235023,34.7167,1
235095,1566.5000,1
235168,396.7167,1
235548,441.8333,1
235620,16.4333,1
235735,534.1500,1
235863,285.7500,1
236361,456.7000,1
236628,856.9000,1
236784,99.7833,1
236797,1256.2000,1
237063,3.3500,1
238018,103.1000,1
238315,545.2500,1
238813,3.8833,1
238879,52.3667,1
238987,2282.2667,1
239552,40.4333,1
239647,17.3000,1
240444,0.8333,1
240446,726.3333,1
240583,7.5667,1
240822,28.0000,1
241632,977.6667,1
242856,10.1333,1
243951,5.3333,1
244886,556.7167,1
245804,191.3833,1
245829,118.3833,1
246109,45.7000,1
246119,16.0333,1
247713,1738.3333,1
247723,7.9833,1
248036,354.7500,1
248414,427.0333,1
248535,330.6000,1
248700,53.6500,1
249258,0.2833,1
251217,358.4000,1
251293,1686.5833,1
251499,1.7667,1
251612,250.5667,1
251774,1008.7333,1
252053,1.9167,1
252175,120.3000,1
253827,968.8500,1
253896,1026.9833,1
253948,83.6667,1
254088,260.5167,1
254098,92.2500,1
254123,0.9333,1
254127,915.2333,1
254136,56.8500,1
254199,747.4667,1
254329,189.7333,1
254353,54.3667,1
254372,35.6500,1
254378,274.4167,1
254465,215.1667,1
254466,130.5833,1
254479,36.1000,1
254526,32.6833,1
254541,13.1667,1
254553,1148.9667,1
254571,232.6333,1
254603,60.9000,1
254693,1066.2833,1
254713,1835.5333,1
254744,83.1667,1
254839,2.0500,1
254860,289.7000,1
254874,0.2000,1
254886,9.6000,1
254913,31.3667,1
254929,833.8333,1
254931,239.8500,1
254976,4.1333,1
254983,129.6333,1
255016,357.7667,1
255017,12.8333,1
255038,1.0833,1
255044,69.8167,1
255062,44.5333,1
255187,53.3333,1
255191,81.8500,1
255206,19.6667,1
255267,119.3667,1
255277,42.1833,1
255306,168.4167,1
255343,65.1667,1
255372,118.5667,1
255486,282.5167,1
255563,389.6000,1
255827,3163.0500,1
255912,128.6500,1
255924,15.9500,1
256386,149.5833,1
256448,2073.8667,1
256826,38.0833,1
256954,284.4500,1
256970,0.7000,1
257130,137.1833,1
257151,916.0333,1
257236,5.1000,1
257330,16.4667,1
257532,67.1833,1
258044,1095.5667,1
258137,104.6833,1
258223,6.9000,1
258620,14.2667,1
258703,47.9500,1
258743,3.8000,1
258818,227.4333,1
258913,960.5667,1
258916,94.2000,1
259106,334.5500,1
259258,532.3000,1
259429,507.3167,1
259533,220.8833,1
259834,0.0500,1
259870,1400.4667,1
259952,289.2500,1
259959,334.9000,1
260042,1700.3167,1
260329,82.0500,1
260465,7369.2000,1
260486,0.6833,1
260578,31.9833,1
260616,1253.0833,1
260684,183.9833,1
260910,529.8333,1
260916,35.5167,1
260968,82.8833,1
261059,215.9000,1
261212,8456.6000,1
261323,108.2833,1
261393,825.5667,1
261522,201.4500,1
261589,9.4000,1
261590,864.2167,1
261610,85.1167,1
261633,71.9667,1
261647,914.2167,1
261674,17.4333,1
261680,164.3000,1
261682,1501.7667,1
261714,111.1667,1
261735,585.5000,1
261756,1424.6667,1
261809,91.3333,1
261813,427.4500,1
261819,37.4333,1
261905,2220.7500,1
261990,10.5333,1
262044,0.5833,1
262412,687.7333,1
262596,56.3333,1
262714,717.3333,1
262784,4.4833,1
262988,736.5000,1
263008,348.3833,1
263076,6577.0833,1
263309,1052.5000,1
263321,441.4000,1
263388,14.9500,1
263650,158.6667,1
263690,5150.3333,1
263693,1225.4667,1
263859,262.1667,1
263913,442.8333,1
263920,3.0833,1
263933,4.5333,1
264141,56.5833,1
264253,674.1333,1
264291,29.9333,1
264368,2.1667,1
264400,294.2167,1
264472,391.0667,1
264687,82.5333,1
264732,32.5500,1
264843,125.2167,1
264954,681.8500,1
265176,231.2667,1
265196,332.8667,1
265218,75.7500,1
265415,413.0000,1
265714,5.2667,1
265928,1656.5167,1
265966,3415.5333,1
265970,163.2167,1
266112,5311.6167,1
266316,1.1500,1
266325,113.8667,1
266340,82.7000,1
266366,116.4000,1
266614,819.3333,1
266758,1064.4167,1
266766,1233.1333,1
267011,135.8500,1
267026,429.5833,1
267064,1787.3500,1
267090,29.1167,1
267106,67.9167,1
267114,901.4333,1
267286,753.3833,1
267662,0.2833,1
267778,6.0167,1
267813,585.4833,1
267898,1379.6333,1
267916,2326.6667,1
268053,262.6000,1
268129,2372.0000,1
268226,43.3833,1
268242,2071.1000,1
268287,132.4500,1
268331,2237.5500,1
268348,94.7667,1
268373,84.9833,1
268374,81.8833,1
268408,240.9000,1
268465,236.3667,1
268473,362.8333,1
268511,91.0000,1
268516,1269.2500,1
268647,2.1667,1
268732,19.5167,1
268736,13.9000,1
268857,114.0667,1
268877,22.3667,1
268978,3002.2333,1
268989,1480.0833,1
269000,634.9167,1
269030,36.4333,1
269036,113.4167,1
269038,58.9833,1
269040,2444.3500,1
269050,329.4500,1
269066,1832.5833,1
269492,588.6500,1
269540,374.3500,1
269570,1709.4000,1
269741,1937.6000,1
269754,111.1000,1
269796,54.5500,1
269874,242.5333,1
269898,471.5500,1
269978,339.3167,1
270000,454.8500,1
270014,342.9500,1
270188,595.3000,1
270263,706.7500,1
270324,59.1667,1
270393,1400.4000,1
270474,180.9167,1
270509,128.0333,1
270596,98.6000,1
270633,692.1000,1
270671,419.3667,1
270725,624.3000,1
270744,1927.6000,1
270898,31.8667,1
270928,67.3833,1
270931,915.0333,1
271015,2044.0167,1
271054,22.6167,1
271083,187.8167,1
271125,10.4333,1
271169,903.0500,1
271220,191.7333,1
271243,471.0333,1
271300,829.8333,1
271326,2395.4000,1
271488,47.5500,1
271519,1571.2167,1
271617,12.3167,1
271664,1609.8000,1
271755,35.4000,1
272059,15.6833,1
272063,93.5500,1
272425,303.1833,1
272452,361.9333,1
272463,364.7000,1
272504,335.0500,1
272570,325.3833,1
272659,56.3000,1
272838,201.4833,1
272842,12326.3667,1
272865,1692.1333,1
272926,17.7333,1
272965,4685.1000,1
272983,107.3167,1
273117,18.7167,1
273126,712.6833,1
273214,77.1500,1
273464,444.2333,1
273599,103.4833,1
273684,45.4333,1
273936,55.6000,1
273992,356.4833,1
274130,1077.6833,1
274166,2.7000,1
274269,212.8667,1
274276,328.4000,1
274460,680.6500,1
274781,49.9333,1
274861,1171.3833,1
274882,9.1667,1
274901,193.8833,1
274904,860.9000,1
274940,179.4667,1
274996,760.4000,1
275039,47.1333,1
275050,543.2167,1
275056,192.5667,1
275081,49.6333,1
275092,30.2667,1
275129,1416.2667,1
275148,218.3667,1
275154,136.5167,1
275173,231.9667,1
275362,154.9500,1
275373,57.2167,1
275389,52.3833,1
275412,101.8333,1
275422,51.4333,1
275463,86.7333,1
275513,136.4833,1
275532,66.6833,1
275554,20.9333,1
275567,1312.8333,1
275570,103.3500,1
275598,10.3833,1
275624,163.6167,1
275629,23.7500,1
276383,155.8333,1
276490,1165.8500,1
276562,169.5500,1
276781,8.4000,1
276857,41.8500,1
276938,357.9667,1
277182,58.1833,1
277384,371.1833,1
277410,146.9833,1
277590,458.0667,1
277591,2.0833,1
277791,488.2500,1
277866,828.5167,1
277953,157.0000,1
277964,308.6167,1
278280,220.6500,1
278459,6.6500,1
278758,225.9333,1
278881,490.3333,1
279394,6.2167,1
279722,30.9167,1
279751,50.4000,1
279766,132.8000,1
235,312.2167,1
1517,70.3500,1
5603,12.9000,1
6448,181.2000,1
6479,365.2000,1
6805,45.2667,1
11345,40.9667,1
14383,52.1833,1
15478,62.0667,1
16668,535.6667,1
16833,405.2667,1
17987,4.6667,1
21229,552.4667,1
30206,483.1000,1
30273,133.6500,1
35284,237.8333,1
37017,2.6000,1
47183,895.4833,1
51872,83.5500,1
57431,841.3333,1
59292,8.8000,1
92449,13.3833,1
93270,212.8000,1
97931,5318.7500,1
138559,22.2833,1
142856,211.1000,1
143785,130.2000,1
144682,452.3000,1
145313,400.3000,1
145561,176.3333,1
146255,76.5833,1
147200,42.0667,1
147672,1214.3000,1
147732,0.0667,1
147878,2938.0667,1
147906,46.3500,1
148089,5.2000,1
148257,28.9667,1
148372,69.6500,1
148670,31.4000,1
148786,1.1500,1
148817,4.1667,1
148825,2201.4333,1
148996,43.3333,1
149195,1474.8667,1
149323,172.7167,1
149361,2.0000,1
149554,1.1833,1
149591,15.2333,1
149790,102.1000,1
149812,0.2333,1
150090,589.0500,1
151313,140.9333,1
151663,63.1333,1
151759,7.8167,1
151861,9.0000,1
152223,118.2333,1
152825,0.6333,1
152970,229.1167,1
153351,340.6000,1
153741,211.2167,1
154143,139.7333,1
154291,359.9833,1
154556,31.7833,1
155280,80.7500,1
155444,814.0000,1
155712,65.8667,1
155805,298.7667,1
156132,41.7333,1
156159,28.9167,1
156296,308.0000,1
156388,65.0000,1
156429,152.3667,1
156608,35.4000,1
156645,21.4333,1
156661,73.6333,1
156693,335.3667,1
156770,218.8833,1
156774,0.6000,1
156996,20.6167,1
157198,4403.7000,1
157285,165.2500,1
157360,1986.7167,1
157476,147.8500,1
157992,916.2667,1
158034,363.2500,1
158104,0.4333,1
158205,33.5833,1
158659,84.8667,1
159175,248.9333,1
159590,185.8000,1
159621,335.3333,1
159904,11.6833,1
160032,533.9333,1
160462,75.1500,1
160528,714.0167,1
160595,675.0500,1
160610,316.2667,1
161271,556.5333,1
161288,366.3833,1
161338,210.1167,1
161474,40.2667,1
161480,3.6833,1
161515,34.4500,1
161650,12.2333,1
161716,1043.9667,1
161785,50.8833,1
161887,187.9833,1
161900,422.9833,1
163248,77.9333,1
164222,369.9500,1
164442,565.9667,1
164455,47.8500,1
164496,0.0500,1
164701,32.9000,1
164997,15.4500,1
165285,1583.3500,1
165374,246.9833,1
166121,0.0833,1
166217,13.7167,1
166380,1419.8667,1
166461,18.4667,1
166509,50.8000,1
166734,370.3833,1
166842,86.8000,1
167295,422.4833,1
167551,40.1000,1
170942,23.0667,1
170997,212.5667,1
171302,13.5500,1
171349,299.3500,1
171402,0.4167,1
171407,37.2000,1
171439,29.7667,1
171476,18.2167,1
171519,435.8167,1
171536,14.2667,1
171585,49.5667,1
171586,88.6833,1
171613,85.5333,1
171827,284.0167,1
172092,0.8000,1
172126,0.4333,1
172127,734.5667,1
172256,15.9833,1
172357,347.5333,1
172424,276.8833,1
172692,22.8333,1
172782,206.2333,1
173060,21.1667,1
174840,124.7167,1
175629,52.0167,1
175978,125.6833,1
176209,11.0333,1
176531,656.2333,1
177554,41.1833,1
177665,15.1667,1
178487,12.3500,1
179463,23.6000,1
180153,842.7667,1
180719,308.3667,1
181219,1311.1000,1
181529,4.1333,1
182149,474.8333,1
182414,38.0167,1
182533,1418.5000,1
182728,9858.6667,1
182808,1095.2000,1
182880,1477.3000,1
183370,4.5000,1
183419,452.9833,1
183930,18.6667,1
185009,15.3333,1
185019,5.1667,1
185208,1019.3333,1
185764,330.7833,1
185848,994.3167,1
186375,2.4500,1
187880,155.5000,1
188691,137.7000,1
188716,319.7667,1
190161,0.0667,1
190825,1893.3000,1
191038,210.0833,1
193565,46.9667,1
194507,1316.0500,1
196656,12.1500,1
197196,162.9000,1
198538,371.6500,1
198868,3.1333,1
201470,12.3667,1
206242,247.7833,1
207203,0.2833,1
208108,140.8333,1
208967,378.2833,1
209958,156.7167,1
213312,229.0000,1
214569,97.8167,1
216760,1.0667,1
217155,1157.1500,1
219446,25.6167,1
225216,1551.8000,1
225305,11.9667,1
225936,0.0667,1
226465,0.2000,1
226734,31.8500,1
227536,40.4833,1
227760,207.0000,1
228646,88.8667,1
229699,388.6500,1
230326,528.6167,1
232006,2.4500,1
233322,37.1333,1
233911,17.2000,1
235155,35.7333,1
235980,119.8000,1
236417,154.9000,1
236583,302.1000,1
239289,12.5333,1
239765,53.1500,1
240294,120.6333,1
241036,145.7833,1
241407,2.3667,1
242205,551.9167,1
242308,38.6000,1
242876,7.2500,1
243273,51.6667,1
243827,70.0833,1
244031,369.0167,1
244058,49.4500,1
244342,200.9000,1
245707,0.8500,1
246014,23.0833,1
246267,3711.6667,1
246945,0.3500,1
247676,99.0000,1
248154,42.3833,1
248675,9.4667,1
248806,4.7500,1
249243,3.0333,1
249247,80.7500,1
249494,61.7333,1
249600,7.0500,1
250255,24.3000,1
250386,75.8333,1
252008,927.1833,1
252200,39.5500,1
252678,1582.2333,1
253248,8.5667,1
253264,898.4167,1
253522,30.1333,1
253589,95.8667,1
253766,4.2167,1
253829,2229.7500,1
253909,29.4667,1
254129,442.7833,1
254170,249.2000,1
254459,44.9667,1
254469,92.4167,1
254501,344.5500,1
254529,7.7000,1
254569,39.6667,1
254596,92.9500,1
254651,0.1000,1
254672,1.6667,1
254681,18.4667,1
254697,1192.9833,1
254725,294.0333,1
254761,36.6667,1
254799,80.4333,1
254813,601.6500,1
254832,0.0500,1
254854,48.2333,1
254868,97.1167,1
254869,139.9167,1
254872,48.8833,1
254941,136.4833,1
254971,17.6167,1
254974,516.8167,1
254978,207.1833,1
255000,111.6000,1
255047,12.0667,1
255076,0.4333,1
255091,48.0833,1
255128,488.9500,1
255148,40.9833,1
255186,404.5333,1
255204,4.6833,1
255241,267.7000,1
255257,244.0500,1
255272,36.2167,1
255282,657.8000,1
255333,2.8333,1
255335,111.5833,1
255353,96.7500,1
255366,263.4500,1
255405,3.3333,1
255449,138.5333,1
255488,193.3333,1
255589,4.7167,1
255765,1153.6000,1
256265,185.1500,1
256313,225.5500,1
256484,34.3833,1
256670,1528.8500,1
257095,880.0500,1
257112,265.6000,1
257234,422.5667,1
257509,54.3167,1
258154,3030.2500,1
258163,382.7833,1
258311,132.0333,1
258320,81.0833,1
258325,15.3167,1
258337,4728.1500,1
258561,195.3667,1
258581,231.6500,1
258800,66.8667,1
258922,2.8667,1
258984,129.1000,1
259011,621.9833,1
259019,0.1667,1
259026,1460.6667,1
259262,209.6667,1
259408,5.6500,1
259506,9.6833,1
259549,0.1667,1
259767,1997.0667,1
259884,3358.1000,1
260126,14.4167,1
260132,124.3833,1
260649,323.2167,1
260754,1256.0333,1
260787,69.6333,1
260815,374.6000,1
260833,236.6667,1
260954,96.8500,1
260977,56.6833,1
260980,817.0167,1
261158,254.4833,1
261239,489.9833,1
261337,571.6667,1
261367,122.0500,1
261408,54.4667,1
261452,32.7000,1
261466,9728.2000,1
261490,96.5667,1
261495,30.3000,1
261567,16.2333,1
261607,21.0667,1
261753,26.3000,1
261771,882.2333,1
261778,1346.4667,1
261883,2133.5833,1
262068,139.2000,1
262203,10.0333,1
262224,150.2500,1
262377,230.6167,1
262414,1487.7167,1
262487,88.9167,1
262569,790.8000,1
262585,1220.9833,1
262641,542.6333,1
262819,492.6167,1
262821,2259.0000,1
262908,0.8667,1
262992,1785.8500,1
263065,60.8000,1
263118,107.1667,1
263392,155.7333,1
263480,456.4000,1
263496,342.1167,1
263531,304.6167,1
263639,130.1667,1
263648,17.5333,1
263672,33.4000,1
263677,19.0833,1
263683,167.3833,1
263791,120.5500,1
264131,647.3333,1
264146,1809.1000,1
264254,384.5833,1
264404,518.6000,1
264425,835.7667,1
264476,1397.1833,1
264514,1526.8667,1
264679,28.3833,1
264696,219.0833,1
264916,779.4333,1
265003,1115.9000,1
265092,1480.1500,1
265106,10.1000,1
265250,4854.5333,1
265462,16.5000,1
265489,12.0000,1
265572,80.7833,1
265578,142.2000,1
265628,655.9500,1
265848,622.9500,1
265878,2544.3333,1
265906,43.6000,1
266012,1258.2500,1
266057,109.3333,1
266249,12.7333,1
266308,1.3833,1
266395,675.9000,1
266402,4.3333,1
266512,1936.3000,1
266811,462.2000,1
267109,57.5000,1
267235,32.1667,1
267443,643.6667,1
267487,184.6667,1
267498,775.5333,1
267558,592.1500,1
267613,5.8167,1
267643,726.2000,1
267824,21.2333,1
267878,35.3833,1
267885,887.2667,1
268045,3429.1333,1
268389,130.3000,1
268393,3.0667,1
268409,341.1833,1
268410,459.4833,1
268420,92.6167,1
268529,490.1833,1
268641,557.1167,1
268742,30.7333,1
268764,1941.1000,1
268768,458.2167,1
268800,753.9000,1
268827,224.0167,1
268863,517.4000,1
268892,24.6000,1
268908,8.5333,1
268915,159.9167,1
268962,569.2333,1
268990,1551.5833,1
269020,125.7833,1
269064,1397.2167,1
269120,2.2667,1
269174,5.0167,1
269204,2947.7833,1
269220,475.9667,1
269314,1675.6500,1
269501,246.7167,1
269535,43.9000,1
269662,151.9333,1
269670,218.1333,1
269872,701.0333,1
269959,258.2333,1
269976,1297.2500,1
270009,343.1667,1
270042,4105.0500,1
270062,214.0500,1
270075,2588.0000,1
270197,97.8167,1
270247,1025.0333,1
270602,19.5000,1
270606,908.8333,1
270619,1033.0500,1
270670,88.9833,1
270784,103.9167,1
270848,316.3500,1
270988,432.5667,1
271006,132.0833,1
271140,702.8167,1
271228,75.4833,1
271296,58.4000,1
271338,1476.0500,1
271348,890.8167,1
271388,69.7167,1
271557,569.1000,1
271837,236.6000,1
271851,673.1833,1
271903,599.0500,1
272127,4.4833,1
272128,2.2667,1
272199,2186.6000,1
272213,79.6500,1
272282,74.6167,1
272544,9.0667,1
272616,337.8667,1
272792,106.9333,1
272961,128.2500,1
272979,921.6667,1
273034,904.5000,1
273060,974.5167,1
273131,37.7167,1
273164,27.9833,1
273329,570.3667,1
273371,168.5333,1
273628,115.2333,1
273654,333.5000,1
273695,355.1667,1
273839,77.8333,1
273846,404.0667,1
274050,3073.0500,1
274057,156.4833,1
274070,1262.5667,1
274157,952.9000,1
274162,847.9500,1
274377,214.2000,1
274402,210.0667,1
274433,670.8667,1
274521,89.7833,1
274630,178.6333,1
274631,74.4333,1
274663,0.0500,1
274766,42.3667,1
274798,629.1500,1
274814,823.7167,1
274838,82.5333,1
274880,58.7333,1
274906,1482.1500,1
274929,815.8667,1
274994,435.9000,1
274999,183.0667,1
275020,1193.2667,1
275033,1520.2333,1
275098,165.3000,1
275113,67.2333,1
275215,70.2500,1
275273,234.1667,1
275413,269.1500,1
275444,30.9167,1
275468,255.5667,1
275490,300.0000,1
275533,18.8500,1
275534,88.5167,1
275565,13.6500,1
275572,108.9167,1
275590,637.6333,1
275592,51.1833,1
275757,27.0000,1
276439,1518.1000,1
276598,160.9833,1
276783,698.8333,1
276852,62.2333,1
276887,449.7167,1
276990,243.4000,1
276998,115.1000,1
277012,87.5333,1
277063,205.4333,1
277271,58.6500,1
277419,6.3333,1
277508,991.0500,1
277715,43.6833,1
277821,490.6000,1
277864,288.5333,1
277945,311.7667,1
278080,163.9500,1
278143,9.3500,1
278215,2.0333,1
278283,1054.8833,1
278326,271.5333,1
278531,22.9000,1
278582,396.0833,1
278701,1.3167,1
278716,244.5167,1
278723,33.6167,1
278788,382.0500,1
278851,6.7000,1
278875,155.0500,1
278882,174.7833,1
278890,73.6333,1
278905,159.2000,1
278958,222.9500,1
278995,67.4000,1
279264,202.5000,1
279519,184.2000,1
279625,50.7833,1
279748,30.7333,1
